Point_ID,Y,Z
1,164.95701092019448,-24.983259057472747
2,164.95743932593209,-24.964815045696835
3,164.9611416601552,-24.887630326003226
4,164.96217301859295,-24.872530694248827
5,164.98539677472874,-24.61069612999967
6,164.98752155824872,-24.592068220072367
7,165.15863710092603,-23.36612331460217
8,165.161853744468,-23.34679647506639
9,165.46120815863148,-21.799946615691052
10,165.47138636322103,-21.75957672788954
11,165.51351586411033,-21.624717736117127
12,165.5958462627796,-21.503201146529147
13,165.6270005584455,-21.49603811813598
14,172.7581593390909,-20.96892134280956
15,172.7599701278581,-20.96878528051661
16,174.819078896943,-20.811546791370926
17,174.83291473230938,-20.810748182021616
18,180.0205958912384,-20.607815080158417
19,180.02720648048782,-20.607527152982097
20,180.04738027257636,-20.606558925135253
21,180.3249781085842,-20.593235800069504
22,180.35582273277367,-20.591114785289278
23,184.3696161909878,-20.231503560751268
24,184.40491788846032,-20.230019855357867
25,184.74314555400437,-20.231828082821792
26,184.81983416790894,-20.228292576671052
27,185.40511122128999,-20.171055358730126
28,185.42828084705047,-20.169515032553143
29,188.8995930063075,-20.0469950477776
30,188.90580453900068,-20.04682754054466
31,189.93551985432094,-20.02763056073586
32,189.95915854335652,-20.026815279830004
33,195.73768795622505,-19.735849895506785
34,195.74495044882414,-19.735555033683287
35,200.33127057883493,-19.594038923945003
36,200.3338312902017,-19.593955513861065
37,201.50794597424098,-19.55369502385791
38,201.93997561101273,-19.542984763104258
39,202.79746824409995,-19.522703572058223
40,203.12023682094036,-19.51538419226579
41,203.12534720514003,-19.515303297517942
42,206.45869039119634,-19.485354287424936
43,206.46898040529152,-19.485190930993518
44,210.3617705538501,-19.3965625761132
45,210.36830308714872,-19.396471010402387
46,216.46013842694185,-19.3643756311604
47,217.41565210498965,-19.365069243089916
48,220.2243712137529,-19.374374705632775
49,220.24277533188032,-19.37420891287715
50,220.5434207592049,-19.367795328838927
51,220.5547000602319,-19.36772510163589
52,221.27384647620076,-19.37410930473295
53,221.28555018153577,-19.374121502641678
54,222.71918685445146,-19.36438296232831
55,223.62956997274745,-19.365062593015985
56,225.6625858857446,-19.373858677786878
57,225.68436791621113,-19.373635263492933
58,225.9171665266655,-19.367851471463
59,225.9307662905964,-19.36776132908137
60,228.58186994721763,-19.39847106525412
61,228.61788351528324,-19.400632123960555
62,228.66375497252912,-19.40561889539139
63,228.72773285914238,-19.409805968523873
64,228.76091622373497,-19.410550006332983
65,229.0663124906805,-19.352704763852913
66,229.32171729563493,-19.17555697936761
67,229.48289748845505,-18.909786594666222
68,229.52193852904287,-18.60142195808856
69,229.4320789619498,-18.303868248409625
70,229.22888142204377,-18.068658317246022
71,228.94753736663893,-17.936527796811802
72,228.83499975287526,-17.910242531918254
73,228.68480731618726,-17.83606319648621
74,227.76635630844297,-17.08104055725964
75,227.6646227868799,-16.94826730347988
76,227.1636437645851,-15.84090748611095
77,227.13255162617025,-15.725382630145155
78,226.712975167851,-11.583708816586368
79,226.71036336512609,-11.521876010186498
80,226.83793468640047,-7.466907783557628
81,226.83955059127356,-7.442025323781254
82,227.13468502705683,-4.447808757438298
83,227.15453157604117,-4.35926589517793
84,227.2715477416575,-4.031339671213104
85,227.37065322847135,-3.8827065082325527
86,227.59366249323926,-3.6801446991584257
87,227.75139269114038,-3.5956774801213705
88,228.04646774758965,-3.5216122913403476
89,228.10481893099438,-3.5209082006463737
90,228.20634973137092,-3.5000035506375613
91,236.23128069226678,-3.5000000000001967
92,236.51710409109742,-3.4431460760531447
93,236.75941344233928,-3.281240046863231
94,236.9213193643192,-3.0389306239859613
95,236.97817316180345,-2.753107200000268
96,236.97817316180345,-1.246892800000285
97,236.9213193327035,-0.9610692996875116
98,236.75941332550286,-0.7187598363008758
99,236.51710386211622,-0.5568538291002372
100,236.23128036180344,-0.500000000000283
101,231.0626823564929,-0.500000000000283
102,231.00132464426065,-0.4877951922031649
103,230.98911983646354,-0.42643747997102743
104,230.98911983646354,1.7531071999999415
105,230.9322660073636,2.038930700312662
106,230.770360000163,2.2812401636992705
107,230.52805053677648,2.443146170899924
108,230.24222703646376,2.4999999999999436
109,230.05375625404918,2.5
110,227.0713198741601,2.5
111,227.0100010952471,2.5121832850003907
112,226.99771179143116,2.573480903979407
113,226.9875905455186,8.426356082166341
114,227.00101939317284,8.494405426073214
115,227.05749013062183,8.579117915459378
116,227.1787831264427,8.914932819549
117,227.4359276031336,11.349093472940257
118,227.43635361796407,11.35323672703119
119,227.54310973184118,12.420751443448994
120,227.55519061679308,12.484611596648607
121,227.8995217745822,13.708454152638689
122,227.90044163243476,13.711752549462203
123,228.09508844531658,14.415945385967559
124,228.12267065687195,14.486685260044142
125,228.1450298722429,14.530282778692667
126,228.15601834292585,14.55261778085991
127,229.02644776500506,16.398888066605576
128,229.04277214586062,16.42969518002456
129,231.1523628440925,19.997433781053992
130,231.2346876708757,20.098120993461187
131,235.97362569626893,24.23885375394177
132,236.04357215093626,24.287092457577064
133,237.6296227343493,25.131774407448933
134,237.66684653296903,25.149042543914824
135,239.34004456847364,25.816066887637813
136,239.36099091879632,25.82478821081304
137,239.69681594531923,25.970637943263792
138,239.74835959384595,25.98866521067682
139,239.79640949586357,26.00161107450574
140,239.83873083532728,26.01436813740635
141,239.87128589705114,26.025242103809482
142,241.03712781866895,26.342117743361626
143,241.03914605847024,26.34266933742588
144,241.55784972524478,26.485214480668706
145,241.61816751887332,26.493647129891663
146,241.65578315780826,26.489050202113308
147,242.4686964928047,26.28734899837588
148,242.49612907434178,26.279417063400643
149,242.5807316862382,26.251406624458433
150,242.59291040665153,26.247489874776264
151,243.69572234165418,25.90321223242569
152,243.7087493463242,25.89888108089897
153,244.4333787951938,25.643074070715993
154,244.4572497274191,25.633713459121548
155,244.88082011174515,25.45059574970102
156,244.90146186241873,25.440913499984497
157,247.17595182755286,24.28803886280118
158,247.25253406137773,24.236359098651473
159,247.9195881661295,23.653508516989852
160,248.03010705141,23.573491116250917
161,249.18734469710924,22.887347813544256
162,249.2428032602938,22.84714726560174
163,250.39026440983176,21.842248197822055
164,250.41903270591663,21.81417664227065
165,252.01605662813958,20.07834601459134
166,252.0519109446313,20.03270367210935
167,252.6815796702082,19.08811417958294
168,252.8692698326721,18.894373057484554
169,253.11354020936514,18.77993878574786
170,253.38252930432526,18.759737640478132
171,296.93277362271675,23.42055306984905
172,297.1933220692959,23.498201444762884
173,297.40881690537145,23.663962534184893
174,297.55070514632604,23.895873056197992
175,297.6001866536733,24.163204953980934
176,297.60018665367335,66.09932434471945
177,297.5366650762865,66.30872692209887
178,297.5425024933791,66.30988805655214
179,297.5,66.52356252003072
180,297.5,186.41942314886495
181,297.50498200589186,186.48016825223237
182,299.12945913234546,196.31709674218794
183,299.14088482691307,196.36574277914028
184,301.94120771025,205.49202053388066
185,301.961907407566,205.54479304287057
186,305.3717212293167,212.60575596216995
187,305.3752831648738,212.61293422020776
188,306.89191390244235,215.58873196647048
189,306.92196956691964,215.6378986083032
190,312.8577151769688,223.84711107344117
191,312.88981270592757,223.885733167557
192,316.82610596544225,228.02090722423503
193,316.84073380775726,228.035447891792
194,320.64602911847584,231.61461713405214
195,320.6752011495329,231.63936402130489
196,326.51714411078166,236.10108916100404
197,326.53440815556354,236.113512125744
198,328.2761456561365,237.29302778677746
199,329.938596245215,238.4087886074411
200,329.99998348442324,238.43428921366367
201,330.06131805863777,238.4086591471633
202,333.4652603265436,236.1137091847557
203,333.48316187288316,236.10085546905952
204,339.3247988504671,231.63936402130489
205,339.35397088152416,231.6146171340521
206,343.15926619224285,228.035447891792
207,343.17389403455786,228.02090722423503
208,347.1101872940725,223.885733167557
209,347.1422848230313,223.84711107344117
210,353.0780304330804,215.63789860830312
211,353.1080860975576,215.58873196647065
212,354.62471683512746,212.61293422020566
213,354.6282787706815,212.60575596217407
214,358.0380925924342,205.54479304287
215,358.05879228974993,205.49202053388092
216,360.85911517308693,196.36574277914028
217,360.87054086765454,196.31709674218794
218,362.4867559778848,186.53019841975404
219,362.4846003285096,186.48967412529493
220,362.48354586120524,186.44999334317305
221,362.48461472897475,66.52355922390275
222,362.47907548359825,66.4957115568648
223,362.47907548359825,66.20428844313776
224,362.4846153846154,66.17643747997187
225,362.4846153846154,36.696892800001116
226,362.54146921371535,36.41106929968833
227,362.70337522091603,36.16875983630169
228,362.94568468430265,36.006853829101054
229,363.23150818461545,35.95000000000111
230,364.9699999999997,35.9500000000012
231,378.96999999999963,35.9500000000012
232,380.89643747997036,35.950000000001104
233,380.9577951922025,35.93779519220399
234,380.9699999999997,35.876437479971685
235,380.9699999999997,32.42356252003048
236,380.9564813373509,32.355599613415414
237,380.9179834432457,32.297983443247105
238,380.4220165567536,31.802016556755092
239,380.24361238584737,31.682810700839852
240,380.06601389506454,31.516471562236603
241,379.9513084969611,31.301872856263056
242,379.911670992784,31.061792033992273
243,379.911670992784,28.973562520030526
244,379.87638688479996,28.79617733051784
245,379.8620355490791,28.65046577365427
246,379.8620355490791,28.549534226347962
247,379.87638688479996,28.40382266948441
248,379.911670992784,28.2264374799717
249,379.911670992784,25.773562520030527
250,379.87638688479996,25.59617733051784
251,379.8620355490791,25.45046577365427
252,379.8620355490791,25.343203707621456
253,379.8788564176326,25.185584452434
254,379.8996495105757,25.089273544812546
255,380.0421418759256,24.785808091733102
256,380.30301973870775,24.575241959351942
257,380.62972144202223,24.5
258,381.4264374799707,24.5
259,381.48779519220284,24.4877951922029
260,381.5,24.426437479970602
261,381.5,22.119073031127108
262,381.54948150734725,21.851741133344166
263,381.69136974830184,21.619830611331068
264,381.9068645843774,21.45406952190906
265,382.16741303095654,21.376421146995224
266,406.5809070404996,18.763650740183035
267,406.8433027076387,18.78215441509549
268,407.0830100441398,18.890479227332605
269,407.2702964823938,19.07518889726025
270,407.9496737132289,20.036324483064327
271,407.9814366171339,20.07537611856095
272,409.65756341110193,21.873286758950726
273,409.6849421032951,21.899800778728277
274,410.83265436426655,22.90291716300532
275,410.8884745271704,22.9432529146141
276,411.996961503304,23.5975047986725
277,412.1087633154231,23.678281136477633
278,412.7474659386207,24.2363590986514
279,412.82404817244566,24.288038862801198
280,415.0985381375792,25.440913499984273
281,415.11917988825377,25.45059574970122
282,415.542750272579,25.6337134591214
283,415.5666212048049,25.643074070716093
284,416.2912506536742,25.898881080898935
285,416.30427765834474,25.903212232425833
286,417.40708959338883,26.247489874789345
287,417.41926831380215,26.251406624471507
288,417.50387092565927,26.279417063400704
289,417.53130350719607,26.28734899837585
290,418.29515944364107,26.47687801116265
291,418.4809292500235,26.47455761637704
292,418.96085394153573,26.342669337424482
293,418.96287218133676,26.342117743360316
294,420.1287141029496,26.025242103809497
295,420.16126916468266,26.014368137403288
296,420.20359050414635,26.00161107450268
297,420.2475670497293,25.989762676339996
298,420.3067622360317,25.968306981224043
299,420.4711490268986,25.892461366015503
300,420.50747200191626,25.8768547665419
301,422.33315346703176,25.14904254391479
302,422.3703772656514,25.13177440744891
303,423.95642784906306,24.28709245757702
304,424.02637430373017,24.238853753941825
305,428.7675576948318,20.09615906458632
306,428.8428104493545,20.00559670446003
307,430.9572278541562,16.429695180025842
308,430.97355223501324,16.39888806660396
309,431.84398165724787,14.552617780507981
310,431.8549701279275,14.530282778346896
311,431.8773293431224,14.486685260040185
312,431.90491155467436,14.4159453859719
313,432.09955836736793,13.711752550171854
314,432.10047822521756,13.708454153358984
315,432.44480938320226,12.484611596645825
316,432.4568902681532,12.420751443452172
317,432.5636463821218,11.353236726213407
318,432.5640723969509,11.349093472136483
319,432.82354947806914,8.892852103455903
320,432.9453742953189,8.556240514493958
321,432.98671321483687,8.494399454246436
322,433.000248612194,8.42645269427858
323,433.00193088150723,3.2135135135135133
324,433.0021373953949,2.5735777267370663
325,432.9899483751248,2.512208824013019
326,432.9285834091191,2.5
327,429.75777296353715,2.5
328,429.47194946322435,2.4431461709000457
329,429.22963999983773,2.2812401636994073
330,429.0677339926371,2.038930700312771
331,429.01088016353714,1.7531071999999979
332,429.01088016353714,-0.4264374799708676
333,428.99867535574,-0.48779519220316553
334,428.9373176435078,-0.5000000000002661
335,423.76871963819724,-0.5000000000002659
336,423.48289613788444,-0.5568538291002201
337,423.2405866744978,-0.7187598363008586
338,423.0786806672972,-0.9610692996874945
339,423.0218268381972,-1.246892800000268
340,423.0218268381972,-2.753107200000268
341,423.0786806672972,-3.038930700313041
342,423.2405866744978,-3.2812401636996773
343,423.48289613788444,-3.4431461709003157
344,423.76871963819724,-3.50000000000027
345,431.82145142854597,-3.50000000000027
346,431.9120233832549,-3.511193375328469
347,432.24860730885945,-3.5956774801212723
348,432.4063375067598,-3.680144699158164
349,432.6293467715279,-3.882706508232447
350,432.7284522583419,-4.031339671213229
351,432.84546842395815,-4.3592658951776295
352,432.86531497294254,-4.447808757438645
353,433.1598442628644,-7.435885959701533
354,433.15966819861757,-7.4373681313860525
355,433.162187353035,-7.470786915839878
356,433.2897243325205,-11.524663558080624
357,433.2880091922559,-11.573992116851194
358,432.8652861821091,-15.746725802883374
359,432.8493756845853,-15.822971141709214
360,432.6715234690343,-16.377267262846658
361,432.61282466933835,-16.489442112448213
362,432.343807888477,-16.8406042029403
363,432.30054580160123,-16.91303185858657
364,432.1482721130153,-17.11256609251618
365,432.08592034605346,-17.17723869919493
366,431.8762443084905,-17.450940121986896
367,431.74692370424316,-17.55722950985917
368,431.4483542614093,-17.704719344799887
369,431.3035825602061,-17.798442927341878
370,431.2570752556992,-17.836846484381937
371,431.1097443965873,-17.91072594023778
372,431.0346973017446,-17.92904112311567
373,430.880982452338,-17.984994424780226
374,430.86095649578544,-17.99488701458592
375,430.63295888016216,-18.168951979231803
376,430.48738217149577,-18.416113761352204
377,430.4456986260102,-18.69991652152699
378,430.5140564783866,-18.97849995367177
379,430.6823730901686,-19.210773591533002
380,430.9258221175817,-19.36247756543846
381,431.208495344662,-19.411235860517856
382,431.27226714085896,-19.409805968519027
383,431.3362450274717,-19.405618895386606
384,431.382116484718,-19.400632123955766
385,431.41813005278334,-19.398471065249357
386,434.0692337094051,-19.367761329076792
387,434.0828334733359,-19.367851471458422
388,434.31563208378793,-19.373635263488318
389,434.3374158509148,-19.37385867026638
390,436.36778336007353,-19.36506932302636
391,437.27405641413895,-19.364366871375104
392,437.28194255625266,-19.364319123983822
393,437.8927553295902,-19.35739591129656
394,437.8994868075157,-19.35738028771371
395,439.4396718221997,-19.36768736360818
396,439.4454434177131,-19.367703687108573
397,439.45386852896394,-19.367694962711596
398,440.2154896644724,-19.372878784500656
399,440.22304826985334,-19.372891982835036
400,442.58243197128314,-19.365073119006574
401,443.5353809230557,-19.36436550187252
402,449.6316977379157,-19.396471021973177
403,449.63822944614924,-19.39656257611916
404,453.5310195947077,-19.485190930999572
405,453.54130960880286,-19.48535428743099
406,456.8746527948593,-19.515303297523957
407,456.87976358593147,-19.515384198712386
408,457.2018045120914,-19.52268672658164
409,458.05926271235916,-19.542966328967598
410,458.4849501166644,-19.55348554590999
411,459.6661902432253,-19.59395625193921
412,459.6687294211638,-19.594038923951068
413,464.255049551175,-19.7355550336894
414,464.2623120437742,-19.735849895512903
415,470.0408414566428,-20.02681527983621
416,470.06448014567854,-20.02763056074207
417,471.09495712629723,-20.046841740274765
418,471.0996459880824,-20.046958614259797
419,473.4644176100125,-20.120764841525713
420,473.46916954268704,-20.120943443600865
421,474.5733378094624,-20.16948557257697
422,474.59328021679516,-20.17089804929049
423,475.1801658320905,-20.228292576677237
424,475.25685444599526,-20.231828082827988
425,475.6031699399347,-20.229976616342167
426,475.6223562473218,-20.230367196623742
427,476.40423912574323,-20.26640228780827
428,477.7657142427441,-20.338085911796014
429,477.77887926069326,-20.33901284429743
430,479.11229443309253,-20.456618145567578
431,479.1416834355345,-20.45862705217749
432,482.3911320028156,-20.61644082506561
433,482.4012090454992,-20.61706688085542
434,483.3016492002041,-20.68523951829848
435,483.30468931543453,-20.685463447941643
436,492.5790804585008,-21.349573091250388
437,492.5861611299093,-21.35014785842709
438,493.82888431177605,-21.462932668123525
439,493.85050478203186,-21.46457882555234
440,494.37179843841096,-21.496666414354667
441,494.40462410030915,-21.503895384864446
442,494.48648413588967,-21.624717736123305
443,494.5286136367788,-21.75957672789513
444,494.53879184136855,-21.799946615697458
445,494.8381462555316,-23.346796475072452
446,494.84136289907366,-23.366123314608576
447,495.0124784417502,-24.592068220076772
448,495.0146032252704,-24.610696130005998
449,495.03782698140606,-24.872530694254152
450,495.03885833984384,-24.887630326009216
451,495.0425606740671,-24.964815045705336
452,495.0429890798046,-24.983259057472683
453,495.04292836583073,-25.02416916837321
454,495.0421552153779,-25.039447920204466
455,495.0351112014798,-25.069306400669387
456,495.023360667017,-25.08838196569473
457,494.96151766766513,-25.10517629268291
458,487.83848395822633,-25.65321187977376
459,484.2289023103148,-25.898635167409058
460,482.4220026749392,-26.02069349952441
461,481.05553973135426,-26.106462466601794
462,479.08701960968864,-26.226765490815655
463,479.0810469471269,-26.22708250999785
464,470.2525710389953,-26.624811013440095
465,470.24267064378694,-26.625322891797047
466,467.41948443128115,-26.790082814955767
467,467.409164954704,-26.790541943486353
468,466.2344118512177,-26.826536851943494
469,466.2255424482914,-26.82686137165402
470,465.1165434302955,-26.874037675295806
471,463.8228734867214,-26.917308765198438
472,461.5280103078057,-26.97895476139384
473,452.27873404053435,-27.17529551493532
474,452.2737496691461,-27.17536803407547
475,447.8521014666732,-27.210181864945383
476,447.8401131832407,-27.210372493183783
477,447.09344861691795,-27.22824090612101
478,447.0880397099078,-27.228331153268382
479,445.74317832701206,-27.24102745344706
480,445.7380185086218,-27.24104051701318
481,443.3943654738238,-27.230782854556843
482,443.3765317498822,-27.230917724298408
483,442.8611788095999,-27.240969264564214
484,442.85271500277423,-27.241038404455622
485,436.4585840081515,-27.22080537735649
486,436.45309448491116,-27.220747654607333
487,429.12895653473703,-27.089887469826504
488,428.9839629441581,-27.101462561071404
489,428.81942440754807,-27.130926254402205
490,428.58759403921636,-27.213644780608078
491,428.39524119404695,-27.367228820188043
492,427.9743951944318,-27.836105355318313
493,427.9071192572877,-27.894980840372416
494,427.68734228812076,-28.044849304446217
495,427.42429838675076,-28.222417188782174
496,427.4226464594739,-28.223535537180943
497,427.2088931938667,-28.368662341484292
498,427.1602742076489,-28.39198877266249
499,427.106947399676,-28.400000000006006
500,427.0265487881402,-28.400000000006003
501,426.7936862539142,-28.40012367199716
502,426.78949696211686,-28.40013764772224
503,426.77079488873846,-28.400252490107388
504,421.77240045904705,-28.400038811226537
505,421.48656715370237,-28.45688347588912
506,421.2442468548829,-28.61878735825428
507,421.08233261359317,-28.861100735541743
508,421.0254757297506,-29.14693161054406
509,421.0254757297506,-31.17908214301444
510,421.0231378923865,-31.22078680488549
511,421.0176427417866,-31.269646757716394
512,420.99915425693837,-31.35079444946405
513,420.9898657476204,-31.37738800250324
514,420.9537890649027,-31.452435500212076
515,420.93886811804765,-31.476225454579087
516,420.8869702795665,-31.541419249903615
517,420.8672082321475,-31.561217418006816
518,420.80205267938726,-31.61326982441477
519,420.77847130310886,-31.628114067702533
520,420.703306343278,-31.664376103589404
521,420.67709309635296,-31.673565280553458
522,420.59569733985563,-31.692176433907804
523,420.5472492610406,-31.6976451988455
524,420.50539416125406,-31.700000000000305
525,416.5546795271297,-31.700000000000305
526,416.5128244273448,-31.697645198845688
527,416.4643763485252,-31.6921764339077
528,416.3829805920263,-31.673565280553188
529,416.356767345102,-31.664376103589404
530,416.2816023852711,-31.628114067702533
531,416.2580210089927,-31.61326982441477
532,416.1928654562325,-31.561217418006816
533,416.17310340881346,-31.541419249903615
534,416.12120557033234,-31.476225454579087
535,416.1062846234773,-31.452435500212076
536,416.0702079407596,-31.37738800250324
537,416.0609194314416,-31.35079444946401
538,416.0424309465934,-31.269646757716252
539,416.03693579599354,-31.22078680488601
540,416.03459795862943,-31.179082143014295
541,416.0345979586309,-29.147451737836096
542,415.97771863361646,-28.861566692703466
543,415.8157439034564,-28.61922457206788
544,415.573344010844,-28.457336312128927
545,415.28743869118273,-28.400558985369088
546,413.06918220123356,-28.401350388343992
547,412.95053340549,-28.401057234274305
548,412.9484726921258,-28.40105498553833
549,411.9232501785137,-28.40135054116463
550,411.170021893027,-28.400001198451807
551,411.1686839019295,-28.40000000000565
552,410.7978729353771,-28.40000000000602
553,410.1719251220818,-28.400000000005896
554,410.12023833079286,-28.400000000005843
555,410.05218979765556,-28.38644355584583
556,409.99453160952635,-28.3478441597101
557,409.25076506285296,-27.60233040499957
558,409.2185577753793,-27.553906833657322
559,409.05046170335606,-27.374317567361537
560,408.83314286476525,-27.25907384132035
561,408.5901733387855,-27.22067587987094
562,406.2488651513572,-27.24101261056518
563,406.23984273676126,-27.240981980246907
564,405.5354563401406,-27.23008028153093
565,405.5192364985032,-27.230005392439637
566,404.7309775276399,-27.23492533224396
567,404.5639883021232,-27.235624826162372
568,404.55857210333136,-27.235608160608997
569,402.4430517774602,-27.213746726058538
570,402.42773615640306,-27.21374549476227
571,400.6075569890897,-27.232262226348357
572,400.5952477272058,-27.232184552085826
573,400.3288674059763,-27.226111902651557
574,400.3090048414024,-27.225923298400232
575,397.9415705802441,-27.23492577323477
576,396.9893815843599,-27.235634293718324
577,391.6307712557623,-27.203535189937696
578,391.6229549566642,-27.203406507657192
579,388.3360243298912,-27.11486674096487
580,388.323044013697,-27.114629962799302
581,385.18871759021704,-27.084701869045443
582,385.1828266953279,-27.084599140223926
583,384.89526896522113,-27.07731506386615
584,384.1269153504368,-27.057035662439365
585,383.74459235383785,-27.046504100669758
586,383.7389551604934,-27.046306190210952
587,382.79759450388843,-27.006136037170116
588,382.79124501391607,-27.005892142543246
589,378.6503779147924,-26.864471878154664
590,378.64224178505305,-26.864105146540915
591,373.4523909565394,-26.57343550157205
592,373.42217327004136,-26.57235610055685
593,372.18205619003595,-26.553179337987164
594,372.1736788090796,-26.55295574848887
595,370.22984543773384,-26.479240947320147
596,369.112389483269,-26.43053989924029
597,369.09110593879234,-26.4290016093215
598,368.53464279836857,-26.372755333028607
599,368.45561119510137,-26.36897918223982
600,368.2560923394331,-26.370026292451723
601,368.2376547977808,-26.36966766513172
602,367.42133323747817,-26.33360765517559
603,367.41578814951913,-26.33332138924077
604,366.2093581204299,-26.262042827168234
605,366.1932854089244,-26.260744435181465
606,365.055512743675,-26.144056284798033
607,365.0170445830795,-26.14111271574715
608,363.08564927238876,-26.04341581140644
609,362.792372371397,-26.08753883198647
610,362.5393881776085,-26.24231990089884
611,362.3665856850979,-26.483354089723946
612,362.3012113296863,-26.77263660778367
613,362.29017309448545,-27.26564813259812
614,362.29004550989697,-27.270139160801214
615,362.206478520221,-29.697281861269573
616,362.20633604472084,-29.701821241578187
617,362.1316826412556,-32.33570266471615
618,361.9461615429508,-37.92646835194249
619,361.94536100470617,-37.941474454038776
620,361.0751152795658,-49.772968506747695
621,361.07354978078337,-49.801928604186905
622,360.8625349923216,-55.9003122222211
623,360.60381176626163,-61.98407604093717
624,360.6026911484755,-62.00117286860991
625,359.5727280666794,-73.62218291767044
626,359.5697629821009,-73.64651967480552
627,358.4917487835829,-80.58762218135011
628,358.49023584490186,-80.59782800045673
629,357.58156366591874,-87.03358592184088
630,357.573902382907,-87.07265602886565
631,356.0407953624595,-93.1527347043573
632,354.52230092756787,-99.01619728378442
633,354.50936432705043,-99.05655139028997
634,352.4825052096421,-104.32846407966561
635,352.4806657657409,-104.3331538372247
636,350.42009839790956,-109.48419798405975
637,350.4028383541595,-109.52130335530849
638,347.74846461936943,-114.49472586638973
639,347.7419385260594,-114.50644213232276
640,344.98566545432027,-119.25223891914267
641,344.9635013372854,-119.28604238490907
642,341.67948060760693,-123.74746204893792
643,341.6645382077858,-123.76644330578527
644,338.19072986614896,-127.89692489908926
645,338.1681933366314,-127.92141626793396
646,335.61507788319824,-130.45898241909953
647,335.6015183874393,-130.4718019317509
648,334.27332016007597,-131.66609484587804
649,334.255603467143,-131.68105692150039
650,332.3620069529762,-133.18201563382053
651,332.3545261682412,-133.1877926414418
652,330.4824860283584,-134.5960117850804
653,330.4536839747528,-134.61880802219446
654,330.0499348215812,-134.95484025997945
655,329.99999999999994,-134.98346997466942
656,329.95006517841875,-134.95484025997945
657,329.5547836041285,-134.62585541649304
658,329.5081998062562,-134.59008887901064
659,328.1188477194863,-133.60770444209544
660,328.09909038136817,-133.59272615914992
661,325.7426242245623,-131.67979211253484
662,325.7282963713871,-131.66754840305956
663,324.3984816125607,-130.4718019317509
664,324.38492211680176,-130.45898241909953
665,321.8318066633686,-127.92141626793396
666,321.80927013385104,-127.89692489908926
667,318.3354617922142,-123.76644330578527
668,318.32051939239307,-123.7474620489379
669,315.0364986627142,-119.28604238490863
670,315.01433454567996,-119.25223891914308
671,312.25806147394024,-114.50644213232222
672,312.25153538063097,-114.49472586639044
673,309.5971616458405,-109.52130335530849
674,309.57990160209044,-109.48419798405975
675,307.5193342342574,-104.33315383722052
676,307.51749479035965,-104.32846407967016
677,305.49063567294945,-99.05655139028977
678,305.4776987847457,-99.01619638638282
679,303.9603891250599,-93.15736952627513
680,302.4260974420179,-87.07265513603853
681,302.41843633408126,-87.03358592184088
682,301.50976415509814,-80.59782800045689
683,301.5082512164171,-80.58762218135026
684,300.4309650199159,-73.65120712384933
685,300.4272838312376,-73.6174251294153
686,299.69457099967616,-62.003112714448946
687,299.69295503868597,-61.98218319719985
688,299.13780002686985,-55.90581400810746
689,298.62162862145254,-49.7942162250672
690,298.6207304871558,-49.78063304473886
691,298.0543062511371,-37.9385485250227
692,298.0539811319733,-37.92940582958227
693,297.95444896260045,-33.65769344671528
694,297.92307767588255,-31.6095092914209
695,297.9231509789252,-31.59445036003059
696,298.0080530749572,-28.20440061778363
697,298.000325727857,-28.076938119147723
698,297.7907928694697,-26.653378005575053
699,297.69952284012714,-26.390141218410847
700,297.5181317207607,-26.178667612048947
701,297.27185981127246,-26.048383418956515
702,296.9949754753765,-26.01741748754489
703,293.8199354931328,-26.25994451769629
704,293.7774023791708,-26.260761377808407
705,291.93659939840535,-26.19108755363487
706,291.84320407631003,-26.193399648012655
707,288.6841519572067,-26.46999434560518
708,288.6775139155255,-26.470515959074657
709,285.5484467484318,-26.68834653038856
710,285.5367130896058,-26.688978042945138
711,277.2073008757293,-27.00593509058518
712,277.2038588893671,-27.00607401734248
713,276.2610448395049,-27.046306190215155
714,276.25540716592985,-27.046504117533882
715,275.873944447358,-27.057012473084093
716,275.1055232274295,-27.077294575963755
717,274.8171727653506,-27.08459914963313
718,274.81128240978205,-27.084701869049663
719,271.676955986302,-27.11462996280358
720,271.6639756701078,-27.11486674096915
721,268.37704504333504,-27.203406507661615
722,268.36922756571903,-27.203535209344444
723,263.015638604136,-27.23562113140469
724,262.0607080153183,-27.234930937787023
725,259.6909940554748,-27.225923294210503
726,259.6711325940502,-27.226111902655877
727,259.4047522727916,-27.232184552090743
728,259.3924430109078,-27.23226222635327
729,257.57226384316704,-27.21374549476277
730,257.55694822211,-27.213746726059036
731,255.44142789666859,-27.235608160604837
732,255.43600821965393,-27.235624836860644
733,255.2705586501818,-27.234933333326616
734,253.63306242127692,-27.22471444308912
735,253.59963597684632,-27.225254036544353
736,253.4265069842992,-27.231926802607813
737,253.40584592015955,-27.232150982875925
738,251.58089151748283,-27.20144651236298
739,251.56568138020387,-27.200880352115366
740,251.4641900681702,-27.19502924495353
741,251.20793827898078,-27.22488548276031
742,250.97713077731478,-27.340142897157225
743,250.79930496934546,-27.527050244307684
744,250.7492349371466,-27.602330404994017
745,250.00546839045748,-28.34784415972033
746,249.94781020234575,-28.3864435558493
747,249.87976166930324,-28.40000000000294
748,249.87762832977018,-28.40000000000283
749,249.48142335244899,-28.400000000005512
750,248.8507830667479,-28.400000000005534
751,248.83131610093898,-28.400000000005694
752,248.82997650657995,-28.400001201325686
753,248.0783033434966,-28.401349371710097
754,247.0515261277019,-28.40105498520427
755,247.04944762577063,-28.401057281377504
756,246.93293863355572,-28.40134810689349
757,244.71256028686236,-28.400558984999922
758,244.42665528095566,-28.457336605248678
759,244.1842557351644,-28.619224933314058
760,244.0222812685922,-28.861566928730156
761,243.96540204137,-29.147451737830295
762,243.96540204137,-31.17908214301406
763,243.96306420400583,-31.220786804886117
764,243.95756905340596,-31.269646757716394
765,243.93908056855778,-31.350794449463947
766,243.92979205923982,-31.377388002503178
767,243.89371537652215,-31.452435500212026
768,243.87879442966718,-31.47622545457893
769,243.8268965911857,-31.541419249903843
770,243.8071345437669,-31.561217418006812
771,243.74197899100662,-31.613269824414818
772,243.71839761472845,-31.628114067702448
773,243.64323265489733,-31.664376103589426
774,243.61701940797232,-31.67356528055348
775,243.53562365147513,-31.692176433907797
776,243.48717557265996,-31.697645198845503
777,243.4453204728735,-31.700000000000305
778,239.4946058387466,-31.700000000000305
779,239.45275073896013,-31.697645198845503
780,239.40430266014505,-31.692176433907804
781,239.32290690364772,-31.673565280553454
782,239.29669365672277,-31.664376103589422
783,239.2215286968917,-31.62811406770247
784,239.19794732061354,-31.61326982441486
785,239.13279176785312,-31.561217418006752
786,239.11302972043433,-31.541419249903747
787,239.06113188195297,-31.476225454579016
788,239.04621093509795,-31.452435500211983
789,239.0101342523803,-31.37738800250324
790,239.0008457430623,-31.350794449464026
791,238.9823572582141,-31.269646757716327
792,238.9768621076142,-31.220786804885815
793,238.9745242702501,-31.1790821430143
794,238.9745242702501,-29.14693161053862
795,238.917667182193,-28.861100242534185
796,238.75575239044275,-28.618786603607088
797,238.51343136726493,-28.456882863305392
798,238.2275974064573,-28.400038811315397
799,233.2336161902063,-28.40026657350763
800,233.2100866138407,-28.40013520670789
801,233.20631374800124,-28.400123672003527
802,232.97384821059794,-28.400000105520608
803,232.89305279493752,-28.400000029237
804,232.83972579235066,-28.391988772656973
805,232.79110680613266,-28.368662341478714
806,232.57735354051883,-28.223535537170857
807,232.57568544323024,-28.222406273507
808,232.31556156394228,-28.04681944183831
809,232.0928733101625,-27.894974335887486
810,232.0256048055678,-27.836105355312803
811,231.60475880595274,-27.367228820182635
812,231.41240596078322,-27.21364478060262
813,231.18057559245142,-27.130926254396755
814,231.0083614889126,-27.100088107671755
815,230.86455371214154,-27.08849277128284
816,230.04010043738077,-27.101913730350798
817,230.03859034756675,-27.101939839755122
818,223.5555983285953,-27.22058737217723
819,223.53273224128995,-27.220305420385067
820,223.30862159370366,-27.210671880907725
821,223.2727610705571,-27.209992382427348
822,219.28773989359433,-27.230184603073713
823,219.27556979084304,-27.230345439649103
824,218.91304105259883,-27.238091282993654
825,218.90529509931216,-27.238176421454014
826,217.54594102217655,-27.239017738545996
827,217.5426188016889,-27.23902718347105
828,217.1461952366651,-27.241035873447565
829,217.13991034443436,-27.241014831379815
830,217.00354496664858,-27.239410685941596
831,216.99429718014306,-27.239359156136004
832,214.26127983232263,-27.241050646415154
833,214.25752332512744,-27.24103407745979
834,212.91196029009177,-27.228331153262975
835,212.90655138308165,-27.2282409061156
836,212.16237654490396,-27.2104320748066
837,212.1454079127072,-27.210218839375408
838,210.05800970422197,-27.20770318493346
839,210.05327922545692,-27.207667521214113
840,207.7265015797574,-27.1753864763619
841,198.47618461698653,-26.97905561992609
842,196.1820080361118,-26.91745592241317
843,194.89534025740411,-26.874465649949922
844,194.87836426688975,-26.873510799203245
845,193.74156282759407,-26.783557613702015
846,193.6763967413847,-26.78125643004158
847,192.59627084546318,-26.79029505836536
848,192.57508545462028,-26.789871040228793
849,191.7930144645337,-26.751995583787743
850,191.79068403090153,-26.751886369538592
851,184.54126786878533,-26.423493392276253
852,184.53058225245172,-26.42285575593956
853,182.46389700502723,-26.269776023867774
854,182.4289884279366,-26.26801045245635
855,180.92159822091367,-26.227100784932162
856,180.9103396706158,-26.226625149742727
857,179.89656383799252,-26.168461765964807
858,178.9459363656244,-26.10655717659407
859,178.9441853476943,-26.106445216109574
860,177.58154842295946,-26.020924872444354
861,175.77141387004653,-25.898656594461695
862,172.16814715928246,-25.653692362271695
863,165.03848084098064,-25.105175887679515
864,164.97663933298202,-25.088381965689077
865,164.96488879852163,-25.06930640066776
866,164.957844784621,-25.039447920190145
867,164.95707163416898,-25.024169168374378
868,164.95701092019448,-24.983259057472747
